{
 "templeR0013": [
  [
   0.9999999980543895,
   -6.182409051955897e-05,
   -8.306796946878962e-06,
   1.0917386027576599e-06
  ],
  [
   6.182388531260207e-05,
   0.9999999977838219,
   -2.4701486465376804e-05,
   -1.989869127408795e-06
  ],
  [
   8.308324075379187e-06,
   2.4700972858864198e-05,
   0.9999999996604169,
   -1.1492912308854866e-05
  ]
 ],
 "templeR0042": [
  [
   -0.9998470379537131,
   -0.009192063635446873,
   0.014879739961040018,
   0.0185915366102583
  ],
  [
   0.010130383393629105,
   -0.9978814593929436,
   0.0642648296668334,
   -0.9990698770105019
  ],
  [
   0.014257490223891427,
   0.06440573705758613,
   0.9978219405317684,
   0.03903046339833453
  ]
 ],
 "templeR0044": [
  [
   -0.9991478394424214,
   -0.04042209785423133,
   0.008345594203188292,
   0.0928615648660267
  ],
  [
   0.040672234672771757,
   -0.9298103170397933,
   0.3657848324535643,
   -4.520637363385829
  ],
  [
   -0.00702597069907962,
   0.3658125590127027,
   0.9306620264114753,
   0.7137085921291003
  ]
 ],
 "templeR0032": [
  [
   -0.9846087680457761,
   0.06666050051762586,
   0.16156098402188157,
   -1.6164307850691575
  ],
  [
   0.08058719270214183,
   -0.6471098882603648,
   0.7581256471641401,
   -9.073945833590379
  ],
  [
   0.15508474541284495,
   0.7594769056307097,
   0.6317780872694424,
   4.028341989855811
  ]
 ],
 "templeR0034": [
  [
   -0.9825520348359653,
   0.06378316664246872,
   0.1747089193280159,
   -1.7693535014046948
  ],
  [
   0.11242098046728341,
   -0.544653587349047,
   0.8310920484149688,
   -9.963193883804516
  ],
  [
   0.14816552227316176,
   0.8362321313133533,
   0.5279799243992601,
   5.167143349456245
  ]
 ],
 "templeR0036": [
  [
   -0.9840922105858223,
   0.018272191407989052,
   0.1767162926429238,
   -1.816141407647428
  ],
  [
   0.15837353557714998,
   -0.36048983345944774,
   0.9192197252023984,
   -11.006197975048357
  ],
  [
   0.08050058566931598,
   0.9325841554484664,
   0.35186140554679735,
   7.369880859026758
  ]
 ],
 "templeR0038": [
  [
   -0.9809971801971542,
   -0.005792287320716044,
   0.19393550952011462,
   -2.0321670150568627
  ],
  [
   0.19344417544256656,
   -0.10628362795583157,
   0.9753374500222434,
   -11.63525033438773
  ],
  [
   0.014962734796077168,
   0.9943189829406562,
   0.10538442357047684,
   10.27269276374563
  ]
 ],
 "templeR0015": [
  [
   0.9991063465078698,
   -0.04148237898561904,
   -0.008106824371472907,
   0.08781290385730713
  ],
  [
   0.04197582445626843,
   0.9513208758325836,
   0.3053303479288336,
   -3.5868480540074503
  ],
  [
   -0.004953637947304259,
   -0.30539777903386844,
   0.9522119816680882,
   0.5016801102204398
  ]
 ],
 "templeR0017": [
  [
   0.9965879213553595,
   -0.0801059822284463,
   -0.019888353874055145,
   0.22417242706802987
  ],
  [
   0.07769842677189308,
   0.829214412181552,
   0.5535037606986749,
   -6.518660278074169
  ],
  [
   -0.027847252750972898,
   -0.5531604561441635,
   0.8326091761880867,
   1.8570665659394632
  ]
 ],
 "templeR0019": [
  [
   0.988082006998697,
   -0.15361376358004375,
   -0.009836619551532054,
   0.12716605895320177
  ],
  [
   0.10792379627700543,
   0.6457922703001269,
   0.7558470730364493,
   -8.919714117016328
  ],
  [
   -0.10975610070782665,
   -0.7479004982344795,
   0.6546743030683511,
   3.8636305915825693
  ]
 ],
 "templeR0021": [
  [
   0.9870198837513224,
   -0.1490198419481037,
   -0.05987349818816415,
   0.7003196143746803
  ],
  [
   0.12336407923727061,
   0.4648215022117521,
   0.8767680850918049,
   -10.391952137674156
  ],
  [
   -0.10282535209502724,
   -0.8727737723988802,
   0.47717176066817,
   5.990158118894334
  ]
 ]
}